,Emotions,Count,Percentage
0,Joy,1241,14.26272842
1,Analytical,2637,30.30686128
2,Sadness,1322,15.1936559
3,Confident,491,5.643029537
4,Tentative,629,7.229054132
5,Fear,171,1.965291346
6,Anger,150,1.723939777
7,Unemotional,2060,23.6754396
